标题,发货地,销售量,店铺,价格
谷谜/现货秒发PJSKxZOZOTOWN拍立得世界计划vbs/WS/25时,广东 深圳,9人付款,谷谜谷谜,50.00
<span class=H>WS</span> 黑白双翼 【BanG Dream! [MyGO!!!!!]】预组简中 日版 现货,广东 深圳,900+人付款,mushui卡店,110.00
<span class=H>WS</span> 黑白双翼 碧蓝档案 蔚蓝档案 预组 卡包 补充包日文 再版 现货,广东 深圳,500+人付款,mushui卡店,295.00
<span class=H>WS</span> 黑白双翼 葬送的芙莉莲 辛梅尔 菲伦 补充包日版 包邮 现货,广东 深圳,200+人付款,mushui卡店,270.00
【星梦源】WS 黑白双翼 约会大作战  补充包 简体中文版 正版,广东 揭阳,1人付款,普宁星梦源卡店,400.00
【COPTUS】黑白双翼 <span class=H>WS</span> BanG Dream! MyGO!!!! 简中 预组,重庆,81人付款,鸡腿菇桌游卡牌,100.00
黑白双翼<span class=H>WS</span>孤独摇滚补充包/预组原盒  包邮 现货,广东 深圳,400+人付款,mushui卡店,385.00
简中<span class=H>WS</span>黑白双翼卡牌BanG Dream原盒MyGO预组中文燈爱因乐奈立希,辽宁 沈阳,200+人付款,大嘴卡牌,125.00
星梦源WS黑白双翼 梦想协奏曲 少女乐团派对 5周年 简中 正版,广东 揭阳,41人付款,普宁星梦源卡店,400.00
【星梦源】<span class=H>WS</span>黑白双翼 预构筑卡组 BanG Dream! MyGO!!!!! 简中,广东 揭阳,100+人付款,普宁星梦源卡店,115.00
<span class=H>WS</span> 女神异闻录3 Reload 高级补充包（盒）P3 PERSONA3 包邮 现货,广东 深圳,50人付款,mushui卡店,228.00
卡膜宝可梦PTCG简中万智牌海贼王<span class=H>WS</span>保护膜内胆卡牌套卡套透明牌套,江西 鹰潭,1万+人付款,圣格玩具专营店,6.00
日文<span class=H>WS</span>卡牌黑白双翼葬送的芙莉莲补充盒原盒SFN辛美尔菲伦阿乌拉,辽宁 沈阳,100+人付款,大嘴卡牌,270.00
WS黑白双翼 HOLOLIVE  #プロテインザスバル 大空スバル SP 签卡,广东 广州,0人付款,ikaparty卡牌屋,394.00
日文<span class=H>WS</span>卡牌黑白双翼女神异闻录3 RELOAD高级补充原盒P3武士道,辽宁 沈阳,78人付款,大嘴卡牌,228.00
游戏王珠泪卡盒牌盒收纳盒万智牌宝可梦<span class=H>WS</span>桌游侧开便携现货100+,广东 汕头,78人付款,无言的游戏王,45.00
蔚蓝档案黑白双翼蔚蓝档案<span class=H>ws</span>碧蓝档案黑白双翼蔚蓝档案补充包,广东 深圳,80人付款,季雨卡牌社,295.00
WS黑白双翼 HOLOLIVE  #かなたーと 天音かなた  SP 签卡,广东 广州,0人付款,ikaparty卡牌屋,294.00
【爆砕】<span class=H>WS</span>日文 碧蓝档案 补充包预组 黑白双翼 蔚蓝档案现货,甘肃 兰州,300+人付款,爆砕的杂货铺,28.00
【mushui】碧蓝航线TCG集换式卡牌 共舞海空 BP03补充包 包邮现货,广东 深圳,31人付款,mushui卡店,240.00
宝可梦奇树朱紫卡盒牌盒收纳盒万智牌游戏王<span class=H>WS</span>桌游侧开便携100+,广东 汕头,200+人付款,无言的游戏王,45.00
简中<span class=H>WS</span>黑白双翼BanG Dream原盒MyGO预组中文燈爱因乐奈立希现货,广东 深圳,37人付款,爱集卡动漫社,110.00
包胶拉紧器绑带色捆绑带棘轮拉紧器收紧带车摩托车货物固带,北京,0人付款,工厂梵俐直销,9.54
日版 <span class=H>WS</span> 黑白双翼 蔚蓝档案 再販 一盒包邮 三盒包顺丰,广东 珠海,35人付款,怪兽卡社,318.00
黑白双翼 <span class=H>WS</span>B 迪士尼扭曲仙境  补充包 原盒 有原箱 一盒包邮,广东 珠海,7人付款,怪兽卡社,158.00
日文<span class=H>WS</span>卡牌黑白双翼青春猪头少年补充盒原盒青猪SBY武士道,辽宁 沈阳,55人付款,大嘴卡牌,300.00
kaws暴力熊简约灯光画电竞房氛围灯男生卧室床头小夜灯送礼物,广东 江门,4人付款,高光装饰画,29.80
武士道影之诗赛马娘卡套PTCG宝可梦<span class=H>WS</span>万智牌套保护妹套周边6792,广东 汕头,64人付款,无言的游戏王,47.00
<span class=H>WS</span> 黑白双翼 【BanG Dream! [MyGO!!!!!]】预组 简中  预,浙江 杭州,33人付款,尖峰卡牌公认店,720.00
<span class=H>WS</span>黑白双翼 葬送的芙莉莲 SFN补充盒 原盒现货顺丰秒发 签字 SSP,北京,46人付款,觅卡MeetCard 卡牌店,270.00
日文<span class=H>WS</span>卡牌黑白双翼蔚蓝档案BA补充盒原盒预组Blue Archive碧蓝,辽宁 沈阳,100+人付款,大嘴卡牌,300.00
现货进口正版 莓莓空洞塔罗牌 Bumbleberry Hollows Tarot,福建 福州,28人付款,KissX,228.00
BROCCOLI花椰菜 日本原装 透明磨砂外层保护卡套 宝可梦<span class=H>WS</span>海贼王,广东 广州,100+人付款,兴悦游戏王动漫桌游店,49.80
简中<span class=H>WS</span>黑白双翼卡牌辉夜大小姐我告白天才恋爱头脑战补充盒中文,辽宁 沈阳,27人付款,大嘴卡牌,400.00
黑白双翼 <span class=H>WS</span> bang dream MyGO my go 预组 起始卡组 日文版 现货,上海,100+人付款,柠檬园 卡牌 傲蓝天空,50.00
包胶拉紧器绑带色捆绑带棘轮拉紧器收紧带车摩托车货物固带,上海,0人付款,飞卓禹工具设备,9.58
35pt卡夹覆膜 宝可梦ptcg海贼王万智牌<span class=H>WS</span>数码宝贝卡牌卡砖硬卡套,江西 鹰潭,8000+人付款,圣格玩具专营店,23.90
正版初音未来周边<span class=H>WS</span>黑白双翼世界计划彩色舞台Vol.2日本卡牌现货,广东 东莞,40人付款,绘萌社HMS,38.00
江东出品自制<span class=H>WS</span>碧蓝档案折光金签闪卡,江苏 南通,72人付款,江东的童年复制店,40.00
现货官方周边 尼尔机械纪元 2b 官方卡套PTCG宝可梦<span class=H>ws</span> 卡套,广东 汕头,12人付款,无言的游戏王,60.00
<span class=H>WS</span> 黑白双翼 BG5周年 预组 日版 现货,广东 深圳,200+人付款,mushui卡店,35.00
<span class=H>WS</span> 简中 刀剑神域 SAO十周年 桐人亚丝娜 补充包卡牌 包邮 现货,广东 深圳,100+人付款,mushui卡店,100.00
名侦探柯南TCG 卡牌 第一弹 补充包&起始卡组5款 探偵たちの切札,广东 深圳,63人付款,mushui卡店,369.00
<span class=H>WS</span> 黑白双翼  少女歌剧 爱城华恋 神乐光 补充包 简中 包邮 现货,广东 深圳,61人付款,mushui卡店,400.00
恒威卡盒牌盒收纳塑料万智牌游戏王宝可梦<span class=H>WS</span>奥特曼有隔板便携80+,广东 汕头,100+人付款,无言的游戏王,10.00
<span class=H>WS</span> 黑白双翼日文  我推的孩子 预组 补充包 包邮 现货,广东 深圳,100+人付款,mushui卡店,400.00
日文<span class=H>WS</span>卡牌黑白双翼五等分的新娘画嫁5HY高级原盒乃三玖四叶五月,辽宁 沈阳,50人付款,大嘴卡牌,228.00
日文<span class=H>WS</span>卡牌黑白双翼魔卡少女樱25th补充盒原盒CCS百变小樱武士道,辽宁 沈阳,100+人付款,大嘴卡牌,300.00
35pt卡夹覆膜 宝可梦ptcg海贼王万智牌WS数码宝贝卡牌卡砖硬卡套,江西 鹰潭,8000+人付款,圣格玩具专营店,23.90
<span class=H>WS</span>BBP 【名侦探柯南】- 补充包原盒 日版  包邮 现货,广东 深圳,100+人付款,mushui卡店,175.00
卡盒牌盒收纳盒万智牌游戏王宝可梦<span class=H>WS</span>奥特曼桌游皮质便携现货160+,广东 汕头,500+人付款,无言的游戏王,55.00
卡牌卡夹卡砖整理盒收纳箱保护游戏王万智宝可梦数码<span class=H>WS</span>海贼奥特曼,浙江 台州,300+人付款,大嘴卡牌,25.00
谷谜/现货秒发PJSKxZOZOTOWN拍立得世界计划vbs/WS/25时,广东 深圳,9人付款,谷谜谷谜,50.00
TW女神菲碧 对开卡盒 牌盒收纳盒万智牌游戏王宝可梦<span class=H>WS</span>奥特曼桌游,广东 汕头,100+人付款,无言的游戏王,80.00
35pt卡夹PTCG宝可梦海贼王繁简中版万智牌<span class=H>WS</span>数码宝贝卡膜卡砖卡套,湖北 武汉,200+人付款,易都旗舰店,12.80
【兴悦】 GGS 240+ 三格经典牌盒卡盒卡牌收纳盒 游戏王万智牌<span class=H>WS</span>,广东 广州,200+人付款,兴悦游戏王动漫桌游店,39.80
卡膜宝可梦PTCG简中万智牌海贼王WS保护膜内胆卡牌套卡套透明牌套,江西 鹰潭,1万+人付款,圣格玩具专营店,6.00
<span class=H>WS</span> 黑白双翼 Hololive2 VTB 星街彗星凑阿库娅宝钟玛琳 原盒 现货,广东 广州,38人付款,猪猪卡牌工作室,30.00
【兴悦】 GGS 300+ 三格经典牌盒卡盒卡牌收纳盒 游戏王万智牌<span class=H>WS</span>,广东 广州,2人付款,兴悦游戏王动漫桌游店,58.80
日版 <span class=H>WS</span> 黑白双翼 青春猪头 一盒包邮 三盒包顺丰,广东 珠海,7人付款,怪兽卡社,278.00
<span class=H>WS</span> 简中 刀剑神域 SAO十周年 桐人亚丝娜 补充包卡牌 包邮 现货,浙江 杭州,88人付款,尖峰卡牌公认店,100.00
【星梦源】WS 黑白双翼 约会大作战  补充包 简体中文版 正版,广东 揭阳,1人付款,普宁星梦源卡店,400.00
黑白双翼 <span class=H>WS</span> 简中 预构筑卡组 预组 刀剑神域 10周年 电击文库,上海,31人付款,柠檬园 卡牌 傲蓝天空,50.00
日文<span class=H>WS</span>黑白双翼JOJO的奇妙冒险石之海星尘斗士高级补充必闪包原盒,辽宁 沈阳,91人付款,大嘴卡牌,228.00
<span class=H>WS</span> 偶像大师 闪耀色彩 Shine More! 补充包 预组日文 包邮 现货,广东 深圳,100+人付款,mushui卡店,300.00
WS黑白双翼 HOLOLIVE  #プロテインザスバル 大空スバル SP 签卡,广东 广州,0人付款,ikaparty卡牌屋,394.00
<span class=H>WS</span> 黑白双翼简中卡牌辉夜大小姐我告白天才恋爱头脑战补充盒现货,广东 深圳,7人付款,mushui卡店,400.00
<span class=H>WS</span> 黑白双翼 约会大作战 补充包 简体中文版 简中 包邮 预,广东 深圳,1人付款,mushui卡店,400.00
武士道 - BTCC【夜晚的水母不会游泳】透明收藏卡 原盒 包邮 预,广东 深圳,0人付款,mushui卡店,120.00
武士道影之诗赛马娘卡套PTCG宝可梦<span class=H>WS</span>万智牌套保护妹套周边6792,广东 汕头,5人付款,无言的游戏王,55.00
WS黑白双翼 HOLOLIVE  #かなたーと 天音かなた  SP 签卡,广东 广州,0人付款,ikaparty卡牌屋,294.00
现货官方周边境界线上的地平线官方卡套数码宝贝PTCG宝可梦<span class=H>ws</span>卡套,广东 汕头,4人付款,无言的游戏王,65.00
闪刀零衣露世9格拉链全封闭九格卡册游戏王万智牌牌本PTCG收藏<span class=H>WS</span>,广东 汕头,56人付款,无言的游戏王,60.00
35pt高清卡牌夹宝可梦ptcg海贼王万智牌<span class=H>WS</span>数码宝贝球星卡壳硬卡套,浙江 金华,30人付款,董掌柜旗舰店,13.40
星梦源WS黑白双翼 梦想协奏曲 少女乐团派对 5周年 简中 正版,广东 揭阳,41人付款,普宁星梦源卡店,400.00
珠泪哀歌人鱼9格拉链全封闭九格卡册游戏王万智牌牌本PTCG收藏<span class=H>WS</span>,广东 汕头,27人付款,无言的游戏王,60.00
日文<span class=H>WS</span>黑白双翼卡牌我推的孩子补充原盒预组OSK推子星野爱阿库亚,辽宁 沈阳,64人付款,大嘴卡牌,395.00
【兴悦桌游】游戏王 VG <span class=H>WS</span>等 决斗者卡牌收纳箱 大卡箱手提箱卡盒,广东 广州,48人付款,兴悦游戏王动漫桌游店,148.80
黑白双翼 <span class=H>WS</span> Weib Schwarz 双人对战垫比赛专用垫牌垫卡垫 橡胶垫,云南 昆明,100+人付款,袁飞哥哥卡牌屋,40.00
kaws暴力熊简约灯光画电竞房氛围灯男生卧室床头小夜灯送礼物,广东 江门,4人付款,高光装饰画,29.80
日文<span class=H>WS</span>卡牌黑白双翼孤独摇滚补充原盒预组后藤喜多郁代伊地知虹夏,辽宁 沈阳,100+人付款,大嘴卡牌,390.00
恒威卡盒牌盒收纳塑料万智牌游戏王宝可梦<span class=H>WS</span>奥特曼有隔板现货160+,广东 东莞,40人付款,卡牌守护之家,18.00
东山童梦 <span class=H>WS</span>黑白双翼 赛马娘卡组 2款 现货,广东 广州,2人付款,东山童梦,90.00
包胶拉紧器绑带色捆绑带棘轮拉紧器收紧带车摩托车货物固带,北京,0人付款,工厂梵俐直销,9.54
江东出品自制<span class=H>WS</span>赛马娘未来伊始服装折光彩闪烫金卡，尺寸是63X88,江苏 南通,36人付款,江东的童年复制店,40.00
简中<span class=H>WS</span>黑白双翼卡牌约会大作战中文补充盒约战时崎狂三夜刀神十香,辽宁 沈阳,12人付款,大嘴卡牌,50.00
【满足卡牌】黑白双翼<span class=H>WS</span>卡牌 必闪包 女神异闻录3 P3 PERSONA3,重庆,50人付款,满足卡牌公认店,40.00
<span class=H>WS</span>TD BP 电击文库30周年纪念预组补充包卡牌卡片 包邮 现货,广东 深圳,100+人付款,mushui卡店,88.00
现货进口正版 莓莓空洞塔罗牌 Bumbleberry Hollows Tarot,福建 福州,28人付款,KissX,228.00
PTCG孤独摇滚卡套66*91DTCG宝可梦<span class=H>WS</span>数码万智牌套内套保护妹套DIY,广东 汕头,100+人付款,无言的游戏王,10.00
卡盒牌盒收纳盒万智牌游戏王宝可梦<span class=H>WS</span>奥特曼桌游侧开便携现货100+,广东 汕头,600+人付款,无言的游戏王,28.00
<span class=H>WS</span> 摇曳露营△ SEASON３ 预组  包邮 预,广东 深圳,10人付款,mushui卡店,100.00
包胶拉紧器绑带色捆绑带棘轮拉紧器收紧带车摩托车货物固带,上海,0人付款,飞卓禹工具设备,9.58
[天黑之谜]0128 魂 孤独摇滚 后藤独 女仆 卡套卡盒 PTCG宝可梦<span class=H>ws</span>,河南 洛阳,48人付款,天黑之谜卡牌,60.00
【兴悦】<span class=H>WS</span>黑白双翼 碧蓝航线 补充包 再版 日文,广东 广州,7人付款,兴悦游戏王动漫桌游店,399.00
黑白双翼 简中 <span class=H>WS</span> bang dream MyGO My GO 预构筑卡组 预组 中文,上海,100+人付款,柠檬园 卡牌 傲蓝天空,50.00
35pt卡夹覆膜 宝可梦ptcg海贼王万智牌WS数码宝贝卡牌卡砖硬卡套,江西 鹰潭,0人付款,圣格玩具专营店,23.90
卡宝文创正版授权洛天依虚拟歌手限量第一弹珍藏卡系列卡牌线下版,山东 淄博,59人付款,桜のws漫卡馆,240.00
伸缩发射器合金陀螺儿童玩具发光互动亲子对战战斗盘小男孩剑炫彩,浙江 杭州,9人付款,天天特卖工厂店,17.97
<span class=H>WS</span>B武士道  蓝色监狱 蓝锁预组 补充包 卡牌卡包 再版 包邮 现货,广东 深圳,72人付款,mushui卡店,200.00
谷谜/现货秒发PJSKxZOZOTOWN拍立得世界计划vbs/WS/25时,广东 深圳,0人付款,谷谜谷谜,50.00
碧蓝航线TCG集换式卡牌 EX01补充包 临战之夜 能代卡垫 包邮 现货,广东 深圳,34人付款,mushui卡店,135.00
指尖陀螺玩具金属男孩儿童高级黑科技手指陀螺学生解压小礼物机甲,浙江 杭州,5000+人付款,天天特卖工厂店,8.50
<span class=H>WS</span> 简中 刀剑神域 SAO十周年 桐人亚丝娜 补充包卡牌 包邮 现货,广东 深圳,8人付款,佳佳卡店,100.00
卡膜宝可梦PTCG简中万智牌海贼王WS保护膜内胆卡牌套卡套透明牌套,江西 鹰潭,0人付款,圣格玩具专营店,6.00
武术棍木棍白蜡杆棍子长短棍峨眉健身太极棍木棒枪杆白蜡棍少林棍,河南 商丘,1000+人付款,武氏运动旗舰店,35.00
卡牌收纳卡册本万智游戏王宝可梦数码海贼王龙珠球星卡<span class=H>WS</span>奥特曼VG,辽宁 沈阳,97人付款,大嘴卡牌,17.90
直播双子9格拉链全封闭九格卡册游戏王万智牌牌本PTCG收藏<span class=H>WS</span>,广东 汕头,89人付款,无言的游戏王,60.00
卡盒牌盒收纳盒保护万智游戏王宝可梦海贼王数码<span class=H>WS</span>黑白双翼VG/WX,辽宁 沈阳,100+人付款,大嘴卡牌,24.98
【星梦源】WS 黑白双翼 约会大作战  补充包 简体中文版 正版,广东 揭阳,0人付款,普宁星梦源卡店,400.00
卡宝文创出品正版授权魔卡少女樱百变小樱第一弹透明牌纪念收藏卡,山东 淄博,2000+人付款,桜のws漫卡馆,95.00
「函数卡牌」<span class=H>ws</span>黑白双翼偶像大师灰姑娘女孩预组 cute passion 酷,重庆,3人付款,函数卡牌及周边,100.00
【重庆满足卡牌】黑白双翼<span class=H>WS</span>卡牌 预组 补充包 蔚蓝档案,重庆,35人付款,满足卡牌公认店,300.00
WS黑白双翼 HOLOLIVE  #プロテインザスバル 大空スバル SP 签卡,广东 广州,0人付款,ikaparty卡牌屋,399.00
第三代便携式折叠连接棍少林棍白蜡杆拼接武术棍双节棍 包邮,河南 商丘,86人付款,武氏运动旗舰店,65.00
【COPTUS】黑白双翼 <span class=H>WS</span> BanG Dream！ 5th Anniversary 简中 预组,重庆,14人付款,鸡腿菇桌游卡牌,100.00
TW女神菲碧9格拉链全封闭九格卡册游戏王万智牌牌本PTCG收藏册<span class=H>WS</span>,广东 汕头,61人付款,无言的游戏王,80.00
<span class=H>WS</span>黑白双翼 我推的孩子 OSK补充盒 预组 原盒现货顺丰秒发,北京,32人付款,觅卡MeetCard 卡牌店,360.00
包胶拉紧器绑带色捆绑带棘轮拉紧器收紧带车摩托车货物固带,北京,0人付款,工厂梵俐直销,22.19
！无名！周边 游戏王 VG <span class=H>WS</span> 宝可梦 卡片桌游 收纳盒 卡箱 决斗箱,广东 广州,100+人付款,无名卡牌,110.00
【幸运之店】龙盾69*94透明磨砂大卡外层保护套100个<span class=H>WS</span>/DTCG/OPCG,广东 广州,200+人付款,幸运之店 游戏王公认店,58.00
Henwei恒威 PU 9格皮革收藏卡册卡本 游戏王宝可梦<span class=H>WS</span>万智,广东 广州,48人付款,兴悦游戏王动漫桌游店,64.80
kaws暴力熊简约灯光画电竞房氛围灯男生卧室床头小夜灯送礼物,广东 江门,0人付款,高光装饰画,37.25
日文<span class=H>WS</span>卡牌黑白双翼灰色幻影扳机补充盒原盒GRI灰色果实深见玲奈,辽宁 沈阳,4人付款,大嘴卡牌,250.00
ccwushu武术器材刀剑棍包器械包双钩包春秋大刀包朴刀包长城武术,河北 保定,100+人付款,ccwushu旗舰店,25.00
卡宝文创出品阿里鱼正版授权三丽鸥家族拍立得卡派对10元包线上版,山东 淄博,100+人付款,桜のws漫卡馆,240.00
<span class=H>WS</span> 黑白双翼 葬送的芙莉莲 补充包 原盒 包邮 三盒包顺丰,广东 珠海,5人付款,怪兽卡社,298.00
WS黑白双翼 HOLOLIVE  #かなたーと 天音かなた  SP 签卡,广东 广州,0人付款,ikaparty卡牌屋,299.00
武术器材包刀剑包刀剑棍包器械包双层包太极剑包棍包南刀包太极刀,河北 保定,100+人付款,ccwushu旗舰店,25.00
<span class=H>WS</span>【魔卡少女樱 25th Anniversary】补充包   包邮 现货,广东 深圳,76人付款,mushui卡店,300.00
<span class=H>WS</span>B BP 新网球王子 起始预组 补充包 包邮 现货,广东 深圳,98人付款,mushui卡店,100.00
包胶拉紧器绑带色捆绑带棘轮拉紧器收紧带车摩托车货物固带,江苏 南京,0人付款,飞林鼎工具设备,22.60
武士道 - <span class=H>WS</span>PB 【JOJO的奇妙冒险 星尘斗士】 高级补充包日文 现,广东 深圳,68人付款,mushui卡店,228.00
【mushui】<span class=H>WS</span> TD BP间谍过家家阿尼亚福杰 SPY预组补充包包邮现货,广东 深圳,62人付款,mushui卡店,100.00
模玩熊 <span class=H>WS</span> TD BP 我推的孩子 星野爱 预组补充包 卡牌卡片 现货,上海,70人付款,模玩熊,128.00
新款伸缩陀螺剑合金炫光儿童玩具亲子互动宝剑战斗陀螺对战盘炫彩,浙江 杭州,86人付款,天天特卖工厂店,7.20
包胶拉紧器绑带色捆绑带棘轮拉紧器收紧带车摩托车货物固带,浙江 金华,0人付款,万东方商贸行,22.26
<span class=H>WS</span>特级补充包「hololive SUPER EXPO 2022」 包邮 现货,广东 深圳,16人付款,mushui卡店,199.00
<span class=H>WS</span> 简中 BanG Dream 梦想协奏曲! 少女乐团派对! 补充包/预组现货,广东 深圳,79人付款,mushui卡店,350.00
新款红缨枪头霸王枪头不锈钢长矛兵器武术器械赵子龙长枪长矛枪头,河南 商丘,200+人付款,武氏运动旗舰店,69.90
现货进口正版 莓莓空洞塔罗牌 Bumbleberry Hollows Tarot,福建 福州,0人付款,KissX,238.00
藤棍红缨枪长枪霸王枪藤条武术枪太极枪金枪刺喉表演道具长矛红樱,河南 商丘,58人付款,武氏运动旗舰店,55.00
丹麦龙盾磨砂卡套PTCG宝可梦牌套万智牌<span class=H>WS</span>三国杀66*91第二层,广东 东莞,300+人付款,MUNTO卡牌收纳,59.80
RSS 65*90内胆牌套卡膜 适合宝可梦万智牌 <span class=H>WS</span> 数码 航海王 影之诗,广东 广州,100+人付款,兴悦游戏王动漫桌游店,9.90
35pt卡夹覆膜 宝可梦ptcg海贼王万智牌WS数码宝贝卡牌卡砖硬卡套,江西 鹰潭,0人付款,圣格玩具专营店,23.90
PTCG后藤独山田凉孤独摇滚卡套66*91DTCG宝可梦<span class=H>WS</span>数码万智牌妹套,广东 汕头,100+人付款,无言的游戏王,10.00
PTCG皮卡丘卡套66*91DTCG宝可梦<span class=H>WS</span>数码万智牌套内套保护妹套DIY,广东 汕头,39人付款,无言的游戏王,10.00
<span class=H>WS</span> 黑白双翼 【BanG Dream! [MyGO!!!!!]】预组 简中  现货,广东 深圳,100+人付款,mushui卡店,110.00
谷谜/现货秒发PJSKxZOZOTOWN拍立得世界计划vbs/WS/25时,广东 深圳,0人付款,谷谜谷谜,50.00
黑白双翼<span class=H>WS</span> 灰色的果实 神が掴む果実 一姫 RR/SP,广东 广州,7人付款,游魂动漫卡牌店,35.00
武术棍竞赛棍白蜡杆表演训练头粗尾细少林棍实木男女棍子比赛木棍,河南 商丘,62人付款,武氏运动旗舰店,48.00
<span class=H>WS</span> 黑白双翼 从零开始的异世界生活 vol.2 原盒 全新 现货,广东 广州,22人付款,猪猪卡牌工作室,500.00
卡膜宝可梦PTCG简中万智牌海贼王WS保护膜内胆卡牌套卡套透明牌套,江西 鹰潭,0人付款,圣格玩具专营店,6.00
游戏王卡牌收纳盒万智牌PTCG奥特曼<span class=H>WS</span>数码宝贝桌游侧开便携100+,广东 汕头,23人付款,无言的游戏王,45.00
<span class=H>WS</span>B【超时空要塞Δ】超时空要塞 高级补充包 包邮 现货,广东 深圳,30人付款,mushui卡店,218.00
<span class=H>WS</span> 黑白双翼 背后世界 必闪包 原盒 日版 包邮 现货,广东 深圳,1人付款,mushui卡店,168.00
PTCG沙奈朵卡套66*91DTCG宝可梦<span class=H>WS</span>数码万智牌套内套保护妹套DIY,广东 汕头,31人付款,无言的游戏王,10.00
【星梦源】WS 黑白双翼 约会大作战  补充包 简体中文版 正版,广东 揭阳,0人付款,普宁星梦源卡店,400.00
新款陀螺伸缩剑发光合金儿童互动亲子对战发射器小男孩玩具剑炫彩,浙江 杭州,2人付款,天天特卖工厂店,17.97
<span class=H>WS</span>   灰色 幻影扳机 补充包  包邮 现货,广东 深圳,5人付款,mushui卡店,300.00
十年老杆白蜡杆武术棍少林长棍子抖大杆太极大杆黄皮圆木棍4米,河南 商丘,100+人付款,武氏运动旗舰店,99.00
包胶拉紧器绑带色捆绑带棘轮拉紧器收紧带车摩托车货物固带,北京,0人付款,工厂梵俐直销,22.19
武士道HG正版动漫卡套  夏服 Liella PTCG宝可梦<span class=H>WS</span>万智牌数码宝贝,广东 汕头,45人付款,无言的游戏王,40.00
武术表演小刀双刀儿童训练舞台道具不锈钢小刀影视道具未开刃全新,河北 保定,4人付款,兵人武术器械厂,38.00
卡牌卡夹砖收纳盒整理箱游戏王万智宝可梦数码碧蓝<span class=H>WS</span>海贼奥特曼WX,辽宁 沈阳,12人付款,大嘴卡牌,25.00
哈利波特魔法世界巫师典藏卡永恒版第三弹周边卡牌包儿童六一玩具,上海,200+人付款,天猫超市,184.90
WS黑白双翼 HOLOLIVE  #プロテインザスバル 大空スバル SP 签卡,广东 广州,0人付款,ikaparty卡牌屋,399.00
12格卡牌卡册收纳游戏王宝可梦数码宝贝球星万智奥特曼VG海贼王<span class=H>WS</span>,辽宁 沈阳,17人付款,大嘴卡牌,68.00
<span class=H>WS</span>黑白双翼 女神异闻录 3Reload 臨戦態勢 主人公 N/PER,广东 广州,5人付款,ikaparty卡牌屋,50.00
游戏王白银城卡牌收纳盒PTCG奥特曼<span class=H>WS</span>数码宝贝桌游侧开便携100+,广东 汕头,29人付款,无言的游戏王,45.00
包胶拉紧器绑带色捆绑带棘轮拉紧器收紧带车摩托车货物固带,江苏 南京,0人付款,飞林鼎工具设备,22.60
Gamegenic透明磨砂卡套66*91mm牌套PTCG宝可梦万智牌100张<span class=H>WS</span>海贼,广东 东莞,6人付款,MUNTO卡牌收纳,38.80
世界计划缤纷舞台周边凤笑梦<span class=H>WS</span>天马司草薙宁宁神代类吧唧徽章相卡,江苏 南通,100+人付款,猫淑女,7.80
<span class=H>WS</span> 迪士尼 镜之守护者 Disney Mirrorverse 补充包 预组包邮现货,广东 深圳,3人付款,mushui卡店,100.00
【恒威】HENWEI 万智牌/宝可梦/<span class=H>WS</span> 66*91 磨砂 外套 卡套 50张,广东 广州,32人付款,猪猪卡牌工作室,10.00
包胶拉紧器绑带色捆绑带棘轮拉紧器收紧带车摩托车货物固带,浙江 金华,0人付款,万东方商贸行,22.26
堂卡出品你好马里奥超级玛丽超级马里奥第一弹集换式收藏卡回忆杀,山东 淄博,22人付款,桜のws漫卡馆,40.00
【尾款】世界计划多彩舞台 单人花瓣挂件 ln/mmj/<span class=H>ws</span>,重庆,31人付款,露娜娜吃谷日记,35.00
卡牌活页收纳卡册游戏王宝可梦数码球星万智奥特曼WX海贼<span class=H>WS</span>对决VG,辽宁 沈阳,31人付款,大嘴卡牌,60.00
WS黑白双翼 HOLOLIVE  #かなたーと 天音かなた  SP 签卡,广东 广州,0人付款,ikaparty卡牌屋,299.00
龙盾 100张 双面磨砂牌套比赛专用 66*92可套 宝可梦 <span class=H>WS</span>等大小卡,广东 深圳,12人付款,佳佳卡店,55.00
【现货】Project Sekai <span class=H>ws</span> zozo 同人周边,浙江 台州,75人付款,龙与金丝雀Dranaria,15.00
龙盾100 69*94透明磨砂外层外套外胆卡套牌套  宝可梦 <span class=H>WS</span> DTCG,广东 广州,800+人付款,兴悦游戏王动漫桌游店,58.80
恒威卡盒牌盒收纳塑料万智牌游戏王宝可梦<span class=H>WS</span>奥特曼有隔板便携100+,广东 汕头,200+人付款,无言的游戏王,12.00
kaws暴力熊简约灯光画电竞房氛围灯男生卧室床头小夜灯送礼物,广东 江门,0人付款,高光装饰画,37.25
满10元包邮卡盒牌收纳盒万智牌游戏王宝可梦<span class=H>WS</span>奥特曼桌游上开便携,广东 汕头,500+人付款,无言的游戏王,1.00
玛瑙藤棍 武术棍印尼进口老藤带皮藤少林齐眉棍藤条藤杆武术藤棍,河南 商丘,100+人付款,武氏运动旗舰店,63.00
丹麦进口龙盾透明/烟色贴身封口内胆牌套万智牌宝可梦<span class=H>WS</span>海贼防透,北京,200+人付款,北境卡牌,35.00
正版经典花影塔牌罗 Shadowscapes Tarot 韦特12×7卡罗牌神谕卡,福建 泉州,0人付款,灵犀Tarot卡牌,52.00
PTCG月亮伊布卡套66*91DTCG宝可梦<span class=H>WS</span>数码万智牌套内套保护妹套DIY,广东 汕头,100+人付款,无言的游戏王,25.00
<span class=H>WS</span> 偶像大师 灰姑娘女孩 Next Twinkle! 补充包 预组日版 包邮 预,广东 深圳,17人付款,mushui卡店,100.00
PTCG卡牌简中正版烈空座卡套66*92DTCG宝可梦<span class=H>WS</span>数码万智牌套,广东 汕头,45人付款,无言的游戏王,22.00
35pt卡夹覆膜 宝可梦ptcg海贼王万智牌WS数码宝贝卡牌卡砖硬卡套,江西 鹰潭,8000+人付款,圣格玩具专营店,23.90
宝可梦PTCG卡组皮质牌盒万智牌<span class=H>WS</span>海贼王定制DIY图案卡盒收纳盒,广东 肇庆,34人付款,伞卡╭SUMCARD╯,28.88
卡垫筒牌垫桶MAT垫子收纳筒宝可梦游戏王万智海贼数码<span class=H>WS</span>/UA/PTCG,辽宁 沈阳,84人付款,大嘴卡牌,11.98
世界计划缤纷舞台<span class=H>WS</span>草薙宁宁周边神代类徽章镜音铃凤笑梦天马司,江苏 南通,100+人付款,猫淑女,7.80
谷谜/现货秒发PJSKxZOZOTOWN拍立得世界计划vbs/WS/25时,广东 深圳,9人付款,谷谜谷谜,50.00
满足卡牌 黑白双翼<span class=H>WS</span>卡牌 补充包/预组 迪士尼 镜之守卫者 disney,重庆,4人付款,满足卡牌公认店,300.00
[天黑之谜]0310  白色相簿  现货 官方卡套卡盒 PTCG宝可梦<span class=H>ws</span>,河南 洛阳,100+人付款,天黑之谜卡牌,65.00
【谷谜/现货盲盒】世界计划PJSK3.5周年Nico超会议吧唧C盒mmj <span class=H>ws</span>,广东 深圳,6人付款,谷谜谷谜,65.00
卡膜宝可梦PTCG简中万智牌海贼王WS保护膜内胆卡牌套卡套透明牌套,江西 鹰潭,1万+人付款,圣格玩具专营店,6.00
<span class=H>WS</span>  电影 蜡笔小新 补充包 预组 原箱原盒 日版日文 包邮 预,广东 深圳,6人付款,mushui卡店,100.00
世界计划缤纷舞台周边<span class=H>WS</span>马戏团草薙宁宁凤笑梦吧唧神代类天马司,江苏 南通,23人付款,猫淑女,7.80
<span class=H>WS</span>黑白双翼 女神异闻录 3Reload 最後の戦い 主人公 N/PER,广东 广州,11人付款,ikaparty卡牌屋,8.00
【爆砕】<span class=H>WS</span>简中邦邦BanG Dream! MyGO!!!!! 预组 黑白双翼,甘肃 兰州,53人付款,爆砕的杂货铺,120.00
包胶拉紧器绑带色捆绑带棘轮拉紧器收紧带车摩托车货物固带,北京,0人付款,工厂梵俐直销,9.54
恒威卡盒牌盒收纳塑料万智牌游戏王宝可梦<span class=H>WS</span>奥特曼有隔板现货160+,广东 汕头,75人付款,无言的游戏王,18.00
PTCG阿塞萝拉卡套66*91DTCG宝可梦<span class=H>WS</span>数码万智牌套内套保护妹套DIY,广东 汕头,23人付款,无言的游戏王,10.00
游戏王卡牌磨砂卡套保护套外层套VG万智BS宝可梦<span class=H>WS</span>奥特曼数码宝贝,云南 昆明,73人付款,袁飞哥哥卡牌屋,6.00
【星梦源】WS 黑白双翼 约会大作战  补充包 简体中文版 正版,广东 揭阳,1人付款,普宁星梦源卡店,400.00
PANDAI 最硬HardZ 卡套 游戏王外套/<span class=H>WS</span>外套,上海,47人付款,上海星之路卡牌店,35.00
卡牌盒收纳保护桌游万智游戏王宝可梦VG数码宝贝WX海贼王<span class=H>WS</span>奥特曼,辽宁 沈阳,78人付款,大嘴卡牌,5.90
<span class=H>WS</span> 简中  Love Live 虹咲学园偶像同好会补充包 包邮  现货,广东 深圳,38人付款,mushui卡店,100.00
<span class=H>WS</span> 黑白双翼 PIXAR 皮克斯 补充包 原盒/大套  再版 包邮 现货,广东 深圳,7人付款,mushui卡店,380.00
WS黑白双翼 HOLOLIVE  #かなたーと 天音かなた  SP 签卡,广东 广州,0人付款,ikaparty卡牌屋,294.00
黑白双翼<span class=H>WS</span> 灰色的果实二弹 迷宮に咲く花 蒔菜 RR/SR/SP,广东 广州,18人付款,游魂动漫卡牌店,150.00
<span class=H>WS</span> 游戏人生 CX卡,江苏 南京,13人付款,萌豚卡牌,2.00
TW卡套66*91宝可梦PTCG <span class=H>WS</span>万智牌套内套保护妹套高质量周边,广东 汕头,42人付款,无言的游戏王,10.00
WS黑白双翼 HOLOLIVE  #プロテインザスバル 大空スバル SP 签卡,广东 广州,0人付款,ikaparty卡牌屋,394.00
PTCG玛俐卡套66*91DTCG宝可梦<span class=H>WS</span>数码万智牌套内套保护妹套DIY周边,广东 汕头,83人付款,无言的游戏王,10.00
卡牌未拆封原包保护壳卡包砖收藏展示游戏王宝可梦万智海贼<span class=H>WS</span>龙珠,辽宁 沈阳,72人付款,大嘴卡牌,11.80
<span class=H>WS</span>黑白双翼 女神异闻录3Reload  心の力に目覚めし少年 N/PER,广东 广州,12人付款,ikaparty卡牌屋,10.00
镭射闪光卡牌外套外胆第3层宝可梦游戏王数码宝贝海贼王VG/WX/<span class=H>WS</span>,辽宁 沈阳,200+人付款,大嘴卡牌,7.90
包胶拉紧器绑带色捆绑带棘轮拉紧器收紧带车摩托车货物固带,江苏 南京,0人付款,飞林鼎工具设备,9.72
<span class=H>WS</span> 黑白双翼 女神异闻录3R N/PER 月光館学園の生徒,广东 广州,43人付款,伟大航道ws卡牌专门店,15.00
菲律宾短棍魔杖藤棍藤条防身武术实木咏春拳木棍车载棍棒棍子木棒,河南 商丘,100+人付款,武氏运动旗舰店,16.90
<span class=H>WS</span> 黑白双翼 蔚蓝档案 碧蓝档案 BA 先后攻 先攻卡合集 共13种,广东 广州,38人付款,狠大卡牌,15.00
包胶拉紧器绑带色捆绑带棘轮拉紧器收紧带车摩托车货物固带,浙江 金华,0人付款,万东方商贸行,9.57
【爆砕】<span class=H>WS</span> 赛马娘 特别周 铃鹿 北黑 光钻 预组,甘肃 兰州,63人付款,爆砕的杂货铺,70.00
<span class=H>WS</span>黑白双翼 BanG Dream 5周年 手游 纪念 入门卡组 预组 现货,广东 广州,24人付款,猪猪卡牌工作室,40.00
日文简中<span class=H>WS</span>黑白双翼卡牌预组原盒保护亚克力展示碧蓝摇滚mygo小樱,辽宁 沈阳,39人付款,大嘴卡牌,28.00
正版<span class=H>WS</span>宝可梦PTCG游戏王女神物语数码宝贝VG简中日文卡牌卡片,广东 汕头,100+人付款,无言的游戏王,0.10
kaws暴力熊简约灯光画电竞房氛围灯男生卧室床头小夜灯送礼物,广东 江门,4人付款,高光装饰画,29.80
游戏王宝可梦万智海贼<span class=H>WS</span>龙珠卡牌未拆封原包保护壳卡包砖收藏展示,辽宁 沈阳,41人付款,大嘴卡牌,14.80
<span class=H>WS</span>简中黑白双翼 BanGDream5周年“寻找答案”青叶摩卡RR,广东 广州,3人付款,ikaparty卡牌屋,60.00
PTCG星空耿鬼卡套66*91DTCG宝可梦<span class=H>WS</span>数码万智牌套内套保护DIY镭射,广东 汕头,14人付款,无言的游戏王,10.00
现货进口正版 莓莓空洞塔罗牌 Bumbleberry Hollows Tarot,福建 福州,28人付款,KissX,228.00
！无名！<span class=H>WS</span>/万智/PTCG 周边 龙盾 卡套 磨砂 盒装,广东 广州,16人付款,无名卡牌,50.00
DECKCASE 磨砂卡套66*91 宝可梦PTCG <span class=H>WS</span> 万智牌 DTCG三国杀海贼王,广东 广州,100+人付款,兴悦游戏王动漫桌游店,12.80
江东出品<span class=H>WS</span>国家队02专人小套折光彩闪金签工艺,江苏 南通,53人付款,江东的童年复制店,40.00
35pt卡夹覆膜 宝可梦ptcg海贼王万智牌WS数码宝贝卡牌卡砖硬卡套,江西 鹰潭,8000+人付款,圣格玩具专营店,23.90
长城武术规定剑武术比训练剑套路武术剑竞赛剑规定刀舞蹈剑未开刃,河北 保定,4人付款,ccwushu旗舰店,220.00
Curtain RE0 雷姆 蕾姆 从零开始 卡套 PTCG <span class=H>WS</span> RFY DTCG 65张,甘肃 兰州,6人付款,爆砕的杂货铺,65.00
卡牌外套第3层保护外胆镭射闪光游戏王VG宝可梦PTCG万智海贼王<span class=H>WS</span>,辽宁 沈阳,100+人付款,大嘴卡牌,7.90
谷谜/现货秒发PJSKxZOZOTOWN拍立得世界计划vbs/WS/25时,广东 深圳,9人付款,谷谜谷谜,50.00
日文<span class=H>WS</span>卡牌黑白双翼卡牌电影2024剧场版蜡笔小新补充盒原盒预组CS,辽宁 沈阳,14人付款,大嘴卡牌,50.00
<span class=H>WS</span>黑白双翼 蔚蓝档案 碧蓝档案 黄色 绿色 U卡 SR卡合集,广东 广州,21人付款,ikaparty卡牌屋,3.00
黑白双翼<span class=H>WS</span> 灰色的果实二弹 楽園を目指す少女 由美子 RR/PR/OFR,广东 广州,14人付款,游魂动漫卡牌店,30.00
卡膜宝可梦PTCG简中万智牌海贼王WS保护膜内胆卡牌套卡套透明牌套,江西 鹰潭,1万+人付款,圣格玩具专营店,6.00
桌游卡牌套2层卡套宝可梦PTCG万智数码宝贝DTCG海贼王OPCG/WX/<span class=H>WS</span>,辽宁 沈阳,77人付款,大嘴卡牌,7.90
UA 全职猎人 R卡合集,广东 广州,100+人付款,伟大航道ws卡牌专门店,5.00
迪士尼卡册<span class=H>WS</span> Disney100集卡册九格皮质收纳册米奇卡片收藏册卡包,广东 东莞,100+人付款,元册卡玩,56.80
<span class=H>WS</span>黑白双翼 PJSK2 UC卡「Wonderlands×Showtime」天马司神代类,广东 广州,45人付款,ikaparty卡牌屋,2.00
WS黑白双翼 HOLOLIVE  #プロテインザスバル 大空スバル SP 签卡,广东 广州,0人付款,ikaparty卡牌屋,394.00
江东出品<span class=H>WS</span>自制拳皇金签闪卡八神庵草薙京不知火舞,江苏 南通,79人付款,江东的童年复制店,15.00
<span class=H>WS</span> Weiss Schwarz 黑白双翼 葬送的芙莉莲 S108 SFN R闪 合集,北京,47人付款,卡了OK卡牌屋,3.00
黑白双翼 <span class=H>WS</span> 葬送的芙莉莲 卡包 补充包 卡片 芙莉莲 现货,上海,46人付款,柠檬园 卡牌 傲蓝天空,25.00
【星梦源】WS 黑白双翼 约会大作战  补充包 简体中文版 正版,广东 揭阳,1人付款,普宁星梦源卡店,400.00
【世界计划/PJSK同人】<span class=H>WS</span>马戏团系列全套周边SET,浙江 嘉兴,200+人付款,大团鸟鸟鸟猫咖,8.00
<span class=H>WS</span> 黑白双翼 蔚蓝档案 BA 补充包 原盒/大套 全新现货,广东 广州,50人付款,猪猪卡牌工作室,35.00
【PJSK同人】ln mmj <span class=H>WS</span> 25时 VBS 全员包括mikuの串串挂件,浙江 嘉兴,200+人付款,大团鸟鸟鸟猫咖,20.00
万乐卡正版授权蜡笔小新暖暖绘梦集第一弹集换式收藏卡牌,山东 淄博,28人付款,桜のws漫卡馆,147.00
kaws暴力熊简约灯光画电竞房氛围灯男生卧室床头小夜灯送礼物,广东 江门,4人付款,高光装饰画,29.80
江东出品蜡笔小新<span class=H>WS</span>金签折光彩闪自制卡一套4张尺寸是63*88,江苏 南通,200+人付款,江东的童年复制店,18.00
卡宝文创出品阿里鱼正版授权三丽鸥家族拍立得卡派对2元包收藏卡,山东 淄博,300+人付款,桜のws漫卡馆,45.00
集卡社出品芒果TV授权正版大侦探第九季永久珍藏卡典藏芒星卡小卡,山东 淄博,19人付款,桜のws漫卡馆,88.00
包胶拉紧器绑带色捆绑带棘轮拉紧器收紧带车摩托车货物固带,北京,0人付款,工厂梵俐直销,9.54
[天黑之谜]0112初音未来赛车特典官方卡套PTCG宝可梦<span class=H>ws</span> 游戏王,河南 洛阳,100+人付款,天黑之谜卡牌,69.00
楪祈罪恶王冠inori 精品金签折光彩闪卡牌<span class=H>WS</span>黑白双翼非官方定制,山西 太原,2人付款,云裳藏卡阁,35.00
[天黑之谜]0421 孤独摇滚 官方卡套PTCG宝可梦<span class=H>ws</span> 80张1包,河南 洛阳,51人付款,天黑之谜卡牌,60.00
PTCG奇树卡套66*91DTCG宝可梦<span class=H>WS</span>数码万智牌套内套保护妹套DIY周边,广东 汕头,100+人付款,无言的游戏王,10.00
WS黑白双翼 HOLOLIVE  #かなたーと 天音かなた  SP 签卡,广东 广州,0人付款,ikaparty卡牌屋,294.00
黑白双翼 <span class=H>WS</span> 约会大作战 狂三外传 必闪包 补充包 原盒 卡包 现货,上海,80人付款,柠檬园 卡牌 傲蓝天空,25.00
<span class=H>WS</span> 黑白双翼 女神异闻录3R N/PER 臨戦態勢 主人公,广东 广州,13人付款,伟大航道ws卡牌专门店,50.00
DIY自制非<span class=H>ws</span>黑白双翼啦啦队约会大作战时崎狂三十香定制闪卡,福建 福州,57人付款,老郑卡牌,36.00
包胶拉紧器绑带色捆绑带棘轮拉紧器收紧带车摩托车货物固带,上海,0人付款,飞卓禹工具设备,9.58
<span class=H>WS</span>黑白双翼「葬送的芙莉莲」名场面卡CR/OFR菲伦休塔尔克辛美尔,广东 广州,16人付款,ikaparty卡牌屋,1.00
<span class=H>WS</span>黑白双翼 世界计划彩色舞台 PJSK feat.初音未来 黄色 UC卡,广东 广州,34人付款,ikaparty卡牌屋,2.00
卡宝文创出品正版授权狐妖小红娘第二弹集换式纪念收藏卡涂山苏苏,山东 淄博,41人付款,桜のws漫卡馆,78.00
黑白双翼<span class=H>WS</span> 简中 刀剑神域十周年 预组 原盒,广东 广州,24人付款,游魂动漫卡牌店,100.00
包胶拉紧器绑带色捆绑带棘轮拉紧器收紧带车摩托车货物固带,江苏 南京,0人付款,飞林鼎工具设备,9.72
台湾RSS 透明 不封口/自粘自封口卡膜/卡套 <span class=H>WS</span> ZX 万智牌 宝可梦,广东 深圳,200+人付款,mushui卡店,9.00
江东出品自制<span class=H>WS</span>数码宝贝粗闪卡,江苏 南通,100+人付款,江东的童年复制店,35.00
武士道 - BTCC【TV动画「偶像大师 闪耀色彩」】补充包 包邮 预,广东 深圳,2人付款,mushui卡店,120.00
包胶拉紧器绑带色捆绑带棘轮拉紧器收紧带车摩托车货物固带,浙江 金华,0人付款,万东方商贸行,9.57
卡洛社出品线条小狗可爱马尔济斯和小金毛第一弹集换式收藏卡牌,山东 淄博,92人付款,桜のws漫卡馆,88.00
碧蓝航线TCG集换式卡牌 SD4 重樱启航预组卡组 补充包 预,广东 深圳,9人付款,mushui卡店,80.00
DIY自制葬送的芙莉莲 非黑白双翼/<span class=H>ws</span>/Weiß Schwarz定制闪卡,福建 福州,100+人付款,老郑卡牌,6.00
35pt卡夹覆膜 宝可梦ptcg海贼王万智牌WS数码宝贝卡牌卡砖硬卡套,江西 鹰潭,8000+人付款,圣格玩具专营店,23.90
PTCG小优卡套66*91DTCG宝可梦<span class=H>WS</span>数码万智牌套内套保护妹套DIY周边,广东 汕头,79人付款,无言的游戏王,25.00
<span class=H>WS</span> Hololive production Summer Collection  高级补充包包邮现货,广东 深圳,21人付款,mushui卡店,230.00
PTCG卡牌简中正版苍响卡套66*92DTCG宝可梦<span class=H>WS</span>数码万智牌套,广东 汕头,4人付款,无言的游戏王,30.00
谷谜/现货秒发PJSKxZOZOTOWN拍立得世界计划vbs/WS/25时,广东 深圳,9人付款,谷谜谷谜,50.00
PTCG小菊卡套66*91DTCG宝可梦<span class=H>WS</span>数码万智牌套内套保护妹套DIY,广东 汕头,57人付款,无言的游戏王,25.00
宝可梦 月亮伊布卡套万智牌PTCG <span class=H>WS</span>卡牌保护套卡套牌套镭射妹套,浙江 杭州,88人付款,K NINE,25.00
东山童梦黑白双翼<span class=H>WS</span>卡牌 预组 bd Morfonica 原盒现货,广东 广州,4人付款,东山童梦,100.00
卡膜宝可梦PTCG简中万智牌海贼王WS保护膜内胆卡牌套卡套透明牌套,江西 鹰潭,1万+人付款,圣格玩具专营店,6.00
卡宝文创出品阿里鱼正版授权三丽鸥家族拍立得卡派对1元包收藏卡,山东 淄博,200+人付款,桜のws漫卡馆,31.00
UA 同盟竞技场 特价补充包,广东 广州,67人付款,伟大航道ws卡牌专门店,10.00
DIY客制卡牌<span class=H>ws</span>刀剑神域系列11张金签闪卡代牌非黑白双翼,福建 福州,200+人付款,老郑卡牌,66.00
DECKCASE 65*90内胆牌套卡膜 适合 宝可梦 万智牌 <span class=H>WS</span> DTCG OPCG,广东 广州,66人付款,兴悦游戏王动漫桌游店,7.98
kaws暴力熊简约灯光画电竞房氛围灯男生卧室床头小夜灯送礼物,广东 江门,4人付款,高光装饰画,29.80
<span class=H>WS</span>黑白双翼BanGDream「MyGO!!!!!」预组TD闪卡長崎爱音乐奈立希燈,广东 广州,6人付款,ikaparty卡牌屋,2.00
珀迪卡牌<span class=H>WS</span>黑白双翼「世界计划彩色舞台feat.初音未来」大盒现货,广东 广州,94人付款,TCGparty珀迪卡牌,30.00
黑白双翼 <span class=H>WS</span> Disney100 迪士尼 补充包原盒 包邮 现货,广东 深圳,100+人付款,mushui卡店,410.00
包胶拉紧器绑带色捆绑带棘轮拉紧器收紧带车摩托车货物固带,北京,0人付款,工厂梵俐直销,9.54
黑白双翼<span class=H>WS</span> 请问您今天要来点兔子吗补充包  包邮 现货,广东 深圳,4人付款,mushui卡店,400.00
Henwei恒威 PU 9格12格皮革拉链收藏卡册卡本 游戏王宝可梦<span class=H>WS</span>万智,广东 广州,85人付款,兴悦游戏王动漫桌游店,58.80
世界计划彩色舞台<span class=H>WS</span>草薙宁宁周边神代类明信片凤笑梦天马司相卡,江苏 南通,13人付款,猫淑女,4.00
黑白双翼<span class=H>WS</span> 灰色的果实二弹 決意を胸に 幸 R/SR,广东 广州,2人付款,游魂动漫卡牌店,15.00
WS黑白双翼 HOLOLIVE  #プロテインザスバル 大空スバル SP 签卡,广东 广州,0人付款,ikaparty卡牌屋,394.00
<span class=H>WS</span> 补充包「Key all-star」 key 补充包日版 再版  现货,广东 深圳,5人付款,mushui卡店,370.00
<span class=H>WS</span> 黑白双翼 PJSK2 初音未来 红色/蓝色C卡合集 共13种,广东 广州,73人付款,猪猪卡牌工作室,1.00
PTCG六尾初音卡套66*91DTCG宝可梦<span class=H>WS</span>数码万智牌套内套保护妹套DIY,广东 汕头,70人付款,无言的游戏王,10.00
【星梦源】WS 黑白双翼 约会大作战  补充包 简体中文版 正版,广东 揭阳,1人付款,普宁星梦源卡店,400.00
<span class=H>WS</span>黑白双翼「孤独摇滚」单卡黄色UC卡后藤独伊地知虹夏山田凉,广东 广州,63人付款,TCGparty珀迪卡牌,1.00
【霍比特】预售 pjsk世界计划多彩舞台MMJ <span class=H>WS</span>宝石箱闪徽章吧唧B,浙江 衢州,28人付款,霍比特小屋,30.00
卡宝文创出品阿里鱼正版授权三丽鸥家族拍立得卡派对5元包收藏卡,山东 淄博,83人付款,桜のws漫卡馆,58.00
宝可梦卡包展示抽包箱VG游戏王<span class=H>WS</span>万智DTCG航海王单包出售散包展架,云南 昆明,50人付款,袁飞哥哥卡牌屋,238.00
包胶拉紧器绑带色捆绑带棘轮拉紧器收紧带车摩托车货物固带,上海,0人付款,飞卓禹工具设备,9.58
<span class=H>WS</span>黑白双翼PJSK2弹UC卡 SR卡「虚拟歌手」初音镜音MEIKO巡音KAITO,广东 广州,36人付款,ikaparty卡牌屋,2.00
<span class=H>WS</span> 黑白双翼 碧蓝航线 补充包 原盒/原箱 AZL 全新 现货,广东 广州,42人付款,猪猪卡牌工作室,25.00
<span class=H>WS</span> 剧场版 赛马娘 Pretty Derby 新时代之门』补充包 包邮 预,广东 深圳,0人付款,mushui卡店,300.00
包胶拉紧器绑带色捆绑带棘轮拉紧器收紧带车摩托车货物固带,江苏 南京,0人付款,飞林鼎工具设备,9.72
<span class=H>WS</span> 女神异闻录 3Reload ワイルドの力を持つ者 主人公 N/PER,广东 广州,11人付款,ikaparty卡牌屋,5.00
<span class=H>WS</span> 黑白双翼 卡牌 灰色的果实 蓝色UC卡,广东 广州,18人付款,SkyFire卡牌2店,1.00
黑白双翼<span class=H>WS</span> 灰色的果实二弹 红色、蓝色U卡,广东 广州,29人付款,游魂动漫卡牌店,1.00
（满足卡牌）龙盾69*94透明磨砂大卡外层保护套100个<span class=H>WS</span>/DTCG/OPCG,重庆,12人付款,满足卡牌公认店,58.80
包胶拉紧器绑带色捆绑带棘轮拉紧器收紧带车摩托车货物固带,浙江 金华,0人付款,万东方商贸行,9.57
<span class=H>WS</span> 黑白双翼 卡牌 女神异闻录5  预组独有,广东 广州,26人付款,伟大航道ws卡牌专门店,1.00
江东出品<span class=H>WS</span>自制金签闪卡一套7张樱花大战,江苏 南通,16人付款,江东的童年复制店,25.00
夏日口袋 key社 精品金签闪卡 <span class=H>ws</span>非官方 88*63MM 折光彩闪+烫金,山西 太原,3人付款,云裳藏卡阁,35.00
WS黑白双翼 HOLOLIVE  #かなたーと 天音かなた  SP 签卡,广东 广州,0人付款,ikaparty卡牌屋,294.00
<span class=H>WS</span> 浪客剑心 -明治剑客浪漫谭- 补充包 预组 日版日文 包邮 预,广东 深圳,2人付款,mushui卡店,100.00
DIY自制非<span class=H>ws</span>黑白双翼hololive虚拟偶像猫又小粥戍神沁音大空昴,福建 福州,73人付款,老郑卡牌,6.00
黑白双翼 <span class=H>WS</span> 碧蓝航线 舰B 白鹰 重樱 铁血 皇家 已拆 无签 预组,上海,13人付款,柠檬园 卡牌 傲蓝天空,70.00
35pt卡夹覆膜 宝可梦ptcg海贼王万智牌WS数码宝贝卡牌卡砖硬卡套,江西 鹰潭,8000+人付款,圣格玩具专营店,23.90
压点手胶吸汗带缠棍手胶压花压点羽毛球拍鱼竿吸汗带透气防滑带,河南 商丘,7人付款,武氏运动旗舰店,8.00
【PJSK同人谷/预售】Wonderlands×Showtime——<span class=H>WS</span>同人周边组,湖北 黄石,6人付款,涩谷SEKAI烧烤摊,7.00
<span class=H>WS</span> 黑白双翼 卡牌 电击文库 先后功决定卡,广东 广州,5人付款,SkyFire卡牌2店,10.00
谷谜/现货秒发PJSKxZOZOTOWN拍立得世界计划vbs/WS/25时,广东 深圳,9人付款,谷谜谷谜,50.00
黑白双翼 <span class=H>WS</span> 灰色的果实 起始卡组 预组 周防 天音 由美子 现货,上海,8人付款,柠檬园 卡牌 傲蓝天空,120.00
<span class=H>WS</span>黑白双翼 DONE AND DUSTED. N/PER 女神异闻录3Reload,广东 广州,10人付款,TCGparty珀迪卡牌,25.00
黑白双翼 <span class=H>WS</span> 简中 预构筑卡组 预组 Bang Dream 少女乐团派对,上海,25人付款,柠檬园 卡牌 傲蓝天空,100.00
卡膜宝可梦PTCG简中万智牌海贼王WS保护膜内胆卡牌套卡套透明牌套,江西 鹰潭,1万+人付款,圣格玩具专营店,6.00
<span class=H>WS</span> Weiss 黑白双翼 葬送的芙莉莲 SFN-S108 SR 合集 （1）,北京,6人付款,卡了OK卡牌屋,8.00
<span class=H>WS</span> 黑白双翼 PJSK2 初音未来 黄色/绿色U卡合集 共13种,广东 广州,66人付款,猪猪卡牌工作室,2.00
【恒威】磨砂 透明 外套 第三层卡套 50张/包 69*94mm 宝可梦/<span class=H>WS</span>,广东 广州,64人付款,猪猪卡牌工作室,10.00
<span class=H>WS</span> 黑白双翼 女神异闻录3R N/PER 心の力に目覚めし少年,广东 广州,48人付款,伟大航道ws卡牌专门店,10.00
kaws暴力熊简约灯光画电竞房氛围灯男生卧室床头小夜灯送礼物,广东 江门,4人付款,高光装饰画,29.80
黑白双翼<span class=H>WS</span> 灰色的果实二弹 楽園を目指す少女 天音 RR/PR/OFR,广东 广州,14人付款,游魂动漫卡牌店,55.00
<span class=H>WS</span>B  武士道 迪士尼 扭曲仙境 起始预组 补充包 包邮 现货,广东 深圳,14人付款,mushui卡店,200.00
精灵球卡牌保护盒收纳盒宝可梦PTCG游戏王万智数码海贼王<span class=H>WS</span>/VG/WX,辽宁 沈阳,7人付款,大嘴卡牌,29.00
WS黑白双翼 HOLOLIVE  #プロテインザスバル 大空スバル SP 签卡,广东 广州,0人付款,ikaparty卡牌屋,394.00
<span class=H>WS</span>黑白双翼 赛马娘 Pretty Derby 新时代之门 补充包 日文 预,广东 广州,0人付款,兴悦游戏王动漫桌游店,300.00
武士道影之诗赛马娘卡套PTCG宝可梦<span class=H>WS</span>万智牌套保护妹套周边6792,广东 汕头,11人付款,无言的游戏王,40.00
【兴悦】恒威 9格拉链皮革活页收藏卡册卡本 游戏王宝可梦<span class=H>WS</span>万智,广东 广州,14人付款,兴悦游戏王动漫桌游店,79.80
UA 全职猎人 绿色U卡合集,广东 广州,88人付款,伟大航道ws卡牌专门店,2.00
包胶拉紧器绑带色捆绑带棘轮拉紧器收紧带车摩托车货物固带,北京,0人付款,工厂梵俐直销,9.54
龙盾100 66*91 牌套PTCG万智牌卡套MTG宝可梦卡牌保护套<span class=H>WS</span> 现货,广东 深圳,200+人付款,mushui卡店,40.00
<span class=H>WS</span>黑白双翼 世界计划彩色舞台 PJSK feat.初音未来 红色 UC卡,广东 广州,15人付款,ikaparty卡牌屋,1.00
<span class=H>WS</span> 从零开始的异世界生活 黄色U卡,江苏 南京,4人付款,萌豚卡牌,1.00
WS黑白双翼 HOLOLIVE  #かなたーと 天音かなた  SP 签卡,广东 广州,0人付款,ikaparty卡牌屋,294.00
<span class=H>WS</span>B SD BP 催眠麦克风DRB预组山田一郎 卡牌卡片 包邮 现货,广东 深圳,67人付款,mushui卡店,100.00
【星梦源】<span class=H>WS</span>黑白双翼 梦想协奏曲 少女乐团派对 5周年 简中 正版,广东 揭阳,41人付款,普宁星梦源卡店,400.00
PTCG耿鬼卡套66*91DTCG宝可梦<span class=H>WS</span>数码万智牌套内套保护妹套DIY,广东 汕头,34人付款,无言的游戏王,10.00
红缨枪 套装武术枪长枪不锈钢红樱枪头长矛白蜡杆太极大枪未开刃,河南 商丘,96人付款,武氏运动旗舰店,55.00
包胶拉紧器绑带色捆绑带棘轮拉紧器收紧带车摩托车货物固带,上海,0人付款,飞卓禹工具设备,9.58
TW女神菲碧 侧开卡盒牌盒收纳盒万智牌游戏王宝可梦<span class=H>WS</span>奥特曼桌游,广东 汕头,24人付款,无言的游戏王,55.00
原神甘雨 优菈 刻晴 卡牌保护套<span class=H>WS</span>宝可梦PTCG万智牌卡套妹套闪套,上海,8人付款,魔の次元,30.00
卡宝文创出品阿里鱼正版授权三丽鸥家族明星票根珍藏卡10元包卡牌,浙江 金华,13人付款,桜のws漫卡馆,117.00
包胶拉紧器绑带色捆绑带棘轮拉紧器收紧带车摩托车货物固带,江苏 南京,0人付款,飞林鼎工具设备,9.72
DIY客制卡牌<span class=H>ws</span>偶像大师闪耀色彩金签定制闪卡非黑白双翼,福建 福州,100+人付款,老郑卡牌,24.00
<span class=H>WS</span>黑白双翼 葬送的芙莉莲 しっかり者の魔法使い フェルン RR/SR,广东 广州,2人付款,ikaparty卡牌屋,45.00
<span class=H>WS</span>黑白双翼 世界计划彩色舞台 PJSK feat.初音未来 绿色 UC卡,广东 广州,11人付款,ikaparty卡牌屋,3.00
黑白双翼<span class=H>WS</span> Summer Pockets二弹 “夏の思い出” うみ RR/SP,广东 广州,6人付款,游魂动漫卡牌店,5.00
包胶拉紧器绑带色捆绑带棘轮拉紧器收紧带车摩托车货物固带,浙江 金华,0人付款,万东方商贸行,9.57
[天黑之谜]0520迷宫饭 卡套官方卡套 武士道例大祭 PTCG宝可梦<span class=H>ws</span>,河南 洛阳,3人付款,天黑之谜卡牌,67.00
<span class=H>WS</span>黑白双翼 臨戦態勢 主人公 N/PER 女神异闻录3Reload,广东 广州,6人付款,TCGparty珀迪卡牌,65.00
【PJSK同人】ln mmj vbs <span class=H>ws</span> 25时の全员趴趴麻将,浙江 嘉兴,90人付款,大团鸟鸟鸟猫咖,28.00
现货进口正版 莓莓空洞塔罗牌 Bumbleberry Hollows Tarot,福建 福州,28人付款,KissX,228.00
<span class=H>WS</span><span class=H>WS</span> 黑白双翼 约会大作战vol2 补充包 原盒包邮 现货,广东 深圳,14人付款,mushui卡店,400.00
世界计划缤纷舞台<span class=H>WS</span>神代类周边天马司徽章凤笑梦明信片草薙宁宁,江苏 南通,30人付款,猫淑女,7.80
卡牌卡砖夹收藏保护展示游戏王宝可梦PTCG球星卡万智数码海贼王<span class=H>WS</span>,辽宁 沈阳,69人付款,大嘴卡牌,5.80
35pt卡夹覆膜 宝可梦ptcg海贼王万智牌WS数码宝贝卡牌卡砖硬卡套,江西 鹰潭,8000+人付款,圣格玩具专营店,23.90
UA 全职猎人 蓝色C卡合集,广东 广州,93人付款,伟大航道ws卡牌专门店,1.00
游戏王卡封宝可梦奥特曼数码宝贝内胆100张VG万智<span class=H>WS</span>球星卡BS卡膜,云南 昆明,78人付款,袁飞哥哥卡牌屋,3.50
<span class=H>WS</span>黑白双翼PJSK2 UC卡「25时，在Nightcord。」奏真冬绘名瑞希,广东 广州,36人付款,ikaparty卡牌屋,3.00
谷谜/现货秒发PJSKxZOZOTOWN拍立得世界计划vbs/WS/25时,广东 深圳,9人付款,谷谜谷谜,50.00
<span class=H>WS</span>黑白双翼「葬送的芙莉莲」单卡蓝色 UC卡 菲伦芙莉莲,广东 广州,14人付款,ikaparty卡牌屋,1.00
UA 全职猎人 绿色C卡合集,广东 广州,51人付款,伟大航道ws卡牌专门店,1.00
<span class=H>WS</span> 黑白双翼 蔚蓝档案 碧蓝档案 BA 先后攻 后攻卡合集 共13种,广东 广州,43人付款,狠大卡牌,15.00
卡膜宝可梦PTCG简中万智牌海贼王WS保护膜内胆卡牌套卡套透明牌套,江西 鹰潭,1万+人付款,圣格玩具专营店,6.00
<span class=H>WS</span> 黑白双翼 卡牌 灰色的果实 黄色UC卡,广东 广州,11人付款,SkyFire卡牌2店,1.00
[天黑之谜]0509 约会大作战泳装 现货 尾款官方卡套PTCG宝可梦<span class=H>ws</span>,河南 洛阳,39人付款,天黑之谜卡牌,55.00
卡盒 塑料透明 黑色 白色 游戏王 PTCG <span class=H>WS</span> 优质卡盒 收纳盒,广东 广州,81人付款,广州有希望游戏王公认店,7.00
[天黑之谜]0520境界的地平线卡套尾款现货官方卡套PTCG宝可梦<span class=H>ws</span>,河南 洛阳,10人付款,天黑之谜卡牌,45.00
kaws暴力熊简约灯光画电竞房氛围灯男生卧室床头小夜灯送礼物,广东 江门,4人付款,高光装饰画,29.80
拉筋伸展带瑜伽带健身韧带锻炼抬腿菊花绳扁平带 回拉带一字马,北京,0人付款,奇遇2588,43.60
<span class=H>WS</span> 黑白双翼 链锯人 电锯人 TD 预组 无签/原盒 CSM 现货,广东 广州,11人付款,猪猪卡牌工作室,60.00
<span class=H>WS</span>黑白双翼「葬送的芙莉莲」单卡红色 UC卡 休塔尔克赞因艾泽,广东 广州,10人付款,ikaparty卡牌屋,1.00
WS黑白双翼 HOLOLIVE  #かなたーと 天音かなた  SP 签卡,广东 广州,0人付款,ikaparty卡牌屋,294.00
<span class=H>WS</span>黑白双翼 蔚蓝档案 碧蓝档案 红色 蓝色 C卡 SR卡合集,广东 广州,19人付款,ikaparty卡牌屋,2.00
<span class=H>WS</span>黑白双翼 葬送的芙莉莲 冬の装い フリーレン RR,广东 广州,3人付款,ikaparty卡牌屋,75.00
卡套来图定制DIY宝可梦游戏王PTCG/OPCG/DTCG/YGO/VG/<span class=H>WS</span>/BS/UA,广东 广州,400+人付款,96RX阿比的卡套定制,1.30
【Broccoli】花椰菜 <span class=H>WS</span>/PTCG/万智 卡套外套 M尺寸 单面磨砂 80张,广东 广州,12人付款,猪猪卡牌工作室,65.00
WS黑白双翼 HOLOLIVE  #プロテインザスバル 大空スバル SP 签卡,广东 广州,0人付款,ikaparty卡牌屋,394.00
<span class=H>WS</span> 黑白双翼  D_CIDE TRAUMEREI DCT 预组 全新 现货,广东 广州,6人付款,猪猪卡牌工作室,100.00
<span class=H>WS</span>黑白双翼 世界计划多彩舞台 feat.初音未来Vol.2 补充盒  原盒,北京,3人付款,觅卡MeetCard 卡牌店,495.00
日文<span class=H>WS</span>卡牌黑白双翼偶像大师灰姑娘女孩IMC预组卡组补充原盒NextT,辽宁 沈阳,8人付款,大嘴卡牌,100.00
包胶拉紧器绑带色捆绑带棘轮拉紧器收紧带车摩托车货物固带,江苏 南京,0人付款,飞林鼎工具设备,9.72
<span class=H>WS</span> 黑白双翼 皮克斯 汽车总动员 预组 PXR 全新 原盒 现货,广东 广州,4人付款,猪猪卡牌工作室,100.00
<span class=H>WS</span> 黑白双翼 女神异闻录3R N/PER 隊員No.4 岳羽 ゆかり,广东 广州,8人付款,伟大航道ws卡牌专门店,10.00
【星之宴】预售 pjsk世界计划多彩舞台 <span class=H>ws</span> 司类姆宁 mmj 生日闪,广东 广州,20人付款,星之宴,5.00
<span class=H>WS</span>黑白双翼 女神异闻录3R 主人公＆タナトス リロード   N/PER,广东 广州,8人付款,ikaparty卡牌屋,25.00
包胶拉紧器绑带色捆绑带棘轮拉紧器收紧带车摩托车货物固带,北京,0人付款,工厂梵俐直销,9.54
<span class=H>WS</span>指示物黑白双翼记分器攻击力加减魂免选大跃进指示器可定制标记,云南 昆明,62人付款,袁飞哥哥卡牌屋,7.00
DIY自制非<span class=H>ws</span>黑白双翼妖幻三重奏花奏铃风卷祭里定制闪卡,福建 福州,59人付款,老郑卡牌,12.00
<span class=H>WS</span> 黑白双翼 女神异闻录3R N/PER 主人公＆タナトス リロード,广东 广州,14人付款,伟大航道ws卡牌专门店,25.00
星梦源WS黑白双翼 梦想协奏曲 少女乐团派对 5周年 简中 正版,广东 揭阳,41人付款,普宁星梦源卡店,400.00
黑白双翼<span class=H>WS</span> 赛马娘 红色、蓝色U卡分类,广东 广州,78人付款,游魂动漫卡牌店,2.00
<span class=H>WS</span>黑白双翼 女神异闻录 3Reload 隊員No.3 主人公 N/PER,广东 广州,9人付款,ikaparty卡牌屋,8.00
世界计划缤纷舞台<span class=H>WS</span>凤笑梦周边草薙宁宁徽章神代类相卡天马司同人,江苏 南通,27人付款,猫淑女,7.80
[天黑之谜]0520碧蓝航线独角兽 官方卡套 武士道例大祭 PTCG <span class=H>ws</span>,河南 洛阳,7人付款,天黑之谜卡牌,67.00
【星梦源】WS 黑白双翼 约会大作战  补充包 简体中文版 正版,广东 揭阳,1人付款,普宁星梦源卡店,400.00
<span class=H>WS</span> 黑白双翼 卡牌 灰色的果实vol2 红色UC卡合集,广东 广州,15人付款,SkyFire卡牌2店,1.00
<span class=H>ws</span> 黑白双翼 智龙迷城 pad 红蓝 U,广东 广州,14人付款,广州大卫卡牌,2.00
黑白双翼 <span class=H>WS</span> 少女乐团派对 bang dream 补充包 卡包 5周年 现货,上海,56人付款,柠檬园 卡牌 傲蓝天空,30.00
包胶拉紧器绑带色捆绑带棘轮拉紧器收紧带车摩托车货物固带,上海,0人付款,飞卓禹工具设备,9.58
万画云游出品正版授权mikko系列收藏卡仲夏童梦第一弹集换式卡牌,山东 淄博,6人付款,桜のws漫卡馆,150.00
黑白双翼<span class=H>WS</span> 莉可莉丝 预组 原盒,广东 广州,34人付款,游魂动漫卡牌店,90.00
[天黑之谜]0324 佐贺偶像是传奇 武士道 官方卡套 PTCG宝可梦<span class=H>ws</span>,河南 洛阳,2人付款,天黑之谜卡牌,65.00
35pt卡夹覆膜 宝可梦ptcg海贼王万智牌WS数码宝贝卡牌卡砖硬卡套,江西 鹰潭,8000+人付款,圣格玩具专营店,23.90
正版<span class=H>WS</span>黑白双翼迪士尼100日版周年童年收藏珍藏卡,上海,1人付款,Starlit星璨,5.00
<span class=H>WS</span> 黑白双翼 女神异闻录3R N/PER 美鶴＆ペンテシレア リロード,广东 广州,11人付款,伟大航道ws卡牌专门店,25.00
黑白双翼 <span class=H>WS</span> 我推的孩子 卡包 补充包 原盒 预组 推子 现货 星野,上海,24人付款,柠檬园 卡牌 傲蓝天空,25.00
谷谜/现货秒发PJSKxZOZOTOWN拍立得世界计划vbs/WS/25时,广东 深圳,9人付款,谷谜谷谜,50.00
黑白双翼 <span class=H>WS</span> 五等分的花嫁 五等分的新娘 2 补充包 现货 卡包 抽,上海,46人付款,柠檬园 卡牌 傲蓝天空,30.00
<span class=H>WS</span> 【足球小将】队长小翼 - 补充包原箱原盒 日版 包邮 预,广东 深圳,0人付款,mushui卡店,300.00
优卡出品美少女战士第二弹收藏卡月野兔露娜国创同人周边集换卡牌,山东 淄博,95人付款,桜のws漫卡馆,206.00
卡膜宝可梦PTCG简中万智牌海贼王WS保护膜内胆卡牌套卡套透明牌套,江西 鹰潭,1万+人付款,圣格玩具专营店,6.00
<span class=H>WS</span> Weiss Schwarz 黑白双翼 葬送的芙莉莲 S108 SFN C卡 合集 1,北京,19人付款,卡了OK卡牌屋,0.80
<span class=H>WS</span> 黑白双翼 进击的巨人2 CC高潮卡合集,广东 广州,18人付款,猪猪卡牌工作室,2.00
<span class=H>WS</span> 女神异闻录5 蓝色C卡,江苏 南京,16人付款,萌豚卡牌,2.00
<span class=H>WS</span>女神异闻录3R N/PER  “対シャドウ特別制圧兵装七式”アイギス,广东 广州,13人付款,伟大航道ws卡牌专门店,10.00
kaws暴力熊简约灯光画电竞房氛围灯男生卧室床头小夜灯送礼物,广东 江门,4人付款,高光装饰画,29.80
黑白双翼「hololive」<span class=H>WS</span>宣传大使套装内单卡星街彗星樱巫女Moona,广东 广州,27人付款,TCGparty珀迪卡牌,5.00
<span class=H>WS</span>BBP 【Disney CHARACTERS】迪士尼角色 - 补充包 现货,广东 深圳,49人付款,mushui卡店,175.00
黑白双翼 <span class=H>WS</span> 素晴 为美好的世界献上祝福 红传说 补充包 现货,上海,16人付款,柠檬园 卡牌 傲蓝天空,25.00
包胶拉紧器绑带色捆绑带棘轮拉紧器收紧带车摩托车货物固带,江苏 南京,0人付款,飞林鼎工具设备,9.72
NcM 恒威 周边 宝可梦 <span class=H>WS</span> 64.5*89.5 卡膜 保护套 内胆 封口 竖插,广东 广州,8人付款,NcM卡牌,6.00
乐咔创出品正版授权阿狸欢乐时光小狐狸收藏卡牌第一弹集换式卡片,山东 淄博,6人付款,桜のws漫卡馆,75.00
江东出品自制<span class=H>WS</span>圣斗士五小强折光闪卡一套5张,江苏 南通,100+人付款,江东的童年复制店,20.00
KMC日本原装 69*94透明磨砂保护套外层套卡套 宝可梦PTCG DTCG <span class=H>WS</span>,广东 广州,200+人付款,兴悦游戏王动漫桌游店,34.80
WS黑白双翼 HOLOLIVE  #かなたーと 天音かなた  SP 签卡,广东 广州,0人付款,ikaparty卡牌屋,294.00
现货 <span class=H>WS</span>武士道 影之诗 偶像大师灰姑娘 神崎兰子 卡牌卡片 胶卡盒,广东 广州,7人付款,同好会,55.00
优卡出品美少女战士第二弹收藏卡月野兔露娜国创同人周边集换卡牌,山东 淄博,44人付款,桜のws漫卡馆,103.00
模玩熊 <span class=H>WS</span>黑白双翼 BP 赛马娘Beginning Of A New Era补充包 预定,上海,1人付款,模玩熊,50.00
WS黑白双翼 HOLOLIVE  #プロテインザスバル 大空スバル SP 签卡,广东 广州,0人付款,ikaparty卡牌屋,394.00
现货 <span class=H>WS</span> 武士道 黑白双翼 BANG DREAM 动画盒 卡牌卡片 补充包,广东 广州,1人付款,同好会,28.00
<span class=H>WS</span>黑白双翼 世界计划彩 PJSK feat.初音未来 名场面卡 CC/RRR,广东 广州,17人付款,ikaparty卡牌屋,2.00
<span class=H>WS</span>黑白双翼 世界计划PJSK2弹 UC卡「Leo/need」一歌咲希穗波志步,广东 广州,14人付款,ikaparty卡牌屋,2.00
<span class=H>WS</span>黑白双翼 蔚蓝档案 碧蓝档案 红色 蓝色 U卡 SR卡合集,广东 广州,17人付款,ikaparty卡牌屋,3.00
包胶拉紧器绑带色捆绑带棘轮拉紧器收紧带车摩托车货物固带,北京,0人付款,工厂梵俐直销,9.54
<span class=H>WS</span> 黑白双翼 卡牌 女神异闻录5  CX卡,广东 广州,46人付款,伟大航道ws卡牌专门店,1.00
<span class=H>WS</span>黑白双翼电击文库「魔法禁书目录」单卡御坂美琴食蜂操祈当麻,广东 广州,34人付款,TCGparty珀迪卡牌,1.00
<span class=H>WS</span> 黑白双翼 女神异闻录3R N/PER 隊員No.3 主人公,广东 广州,48人付款,伟大航道ws卡牌专门店,5.00
包胶拉紧器绑带色捆绑带棘轮拉紧器收紧带车摩托车货物固带,上海,0人付款,飞卓禹工具设备,9.58
万画云游出品正版授权三丽鸥家族明星派对收藏卡极光系列集换式卡,山东 淄博,600+人付款,桜のws漫卡馆,165.00
卡宝文创出品阿里鱼正版授权三丽鸥家族拍立得卡派对10元包线下版,山东 淄博,50人付款,桜のws漫卡馆,105.00
武氏竞赛棍武术棍比赛训练表演专用南棍少林齐眉棍太极棍棍棒器械,河南 商丘,26人付款,武氏运动旗舰店,229.00
现货 SEGA 彩色舞台 初音未来 心形吧唧 世界计划  第二弹 <span class=H>WS</span>,江苏 镇江,30人付款,快来把我带回家日版谷仓集合店,65.00
包胶拉紧器绑带色捆绑带棘轮拉紧器收紧带车摩托车货物固带,浙江 金华,0人付款,万东方商贸行,9.57
<span class=H>WS</span>【MARVEL】 - 漫威 高级补充包原盒  包邮 现货,广东 深圳,1人付款,mushui卡店,200.00
DIY五等分的花嫁泳装版非黑白双翼/<span class=H>ws</span>/Weiß Schwarz定制闪卡,福建 福州,57人付款,老郑卡牌,30.00
<span class=H>WS</span> 黑白双翼 女神异闻录3R N/PER TARGET NEUTRALIZED.,广东 广州,13人付款,伟大航道ws卡牌专门店,10.00
包胶拉紧器绑带色捆绑带棘轮拉紧器收紧带车摩托车货物固带,浙江 台州,0人付款,佳逸商贸,9.71
<span class=H>WS</span> 黑白双翼 卡牌 Re0 MS 蓝色UC卡合集,广东 广州,15人付款,SkyFire卡牌2店,1.00
日本代购煤炉Mercari代切卡牌手办PTCG 游戏王 <span class=H>WS</span>黑白双翼 ZX,上海,100+人付款,潮玩萌物小铺,100.00
【龍之星辰】-游戏王-日本原装动漫花边卡套KMC 60张装 保护牌套,广东 佛山,3人付款,龍之星辰游戏王认证店,30.00
